{
  "lr": 3.752055855124284e-05,
  "lora_dropout": 0.15798625466052896,
  "temperature": 2.1649165607921677,
  "kl_weight": 0.6118528947223795,
  "hidden_beta": 0.4184815819561255,
  "grad_accum": 4,
  "batch_size": 8,
  "lora_r": 128,
  "lora_alpha": 32
}