{"steps": [50, 100, 150, 200, 250, 300, 350, 400, 450, 500, 550, 600, 650, 700, 750, 800, 850, 900, 950, 1000, 1050, 1100, 1150, 1200, 1250, 1300, 1350, 1400, 1450, 1500, 1550, 1600], "train": [12.822773933410645, 12.107272148132324, 11.161516189575195, 10.361945152282715, 10.062054634094238, 9.982120513916016, 9.8756742477417, 9.892913818359375, 9.879964828491211, 9.774263381958008, 9.635120391845703, 9.672687530517578, 9.555618286132812, 9.515853881835938, 9.418013572692871, 9.39698314666748, 9.18628215789795, 9.527929306030273, 9.209389686584473, 9.22828483581543, 9.14479923248291, 9.032608032226562, 8.780029296875, 8.873854637145996, 8.795372009277344, 8.598912239074707, 8.615389823913574, 8.336470603942871, 8.273077964782715, 8.088512420654297, 7.692420482635498, 7.881086826324463], "val": [12.244791666666666, 10.263020833333334, 9.984375, 9.877604166666666, 9.828125, 9.713541666666666, 9.669270833333334, 9.5703125, 9.528645833333334, 9.4921875, 9.4765625, 9.455729166666666, 9.471354166666666, 9.458333333333334, 9.604166666666666, 9.598958333333334]}